,Date,Maturity,Rate
2,1990-01-31,10 Yr,8.206666666666667
4,1990-01-31,2 Yr,8.085238095238095
6,1990-01-31,3 Mo,7.898095238095237
8,1990-01-31,30 Yr,8.258571428571429
15,1990-02-28,10 Yr,8.473157894736843
17,1990-02-28,2 Yr,8.370526315789473
19,1990-02-28,3 Mo,8.002105263157894
21,1990-02-28,30 Yr,8.503684210526316
28,1990-03-31,10 Yr,8.588636363636363
30,1990-03-31,2 Yr,8.626818181818182
32,1990-03-31,3 Mo,8.17
34,1990-03-31,30 Yr,8.56318181818182
41,1990-04-30,10 Yr,8.7855
43,1990-04-30,2 Yr,8.724
45,1990-04-30,3 Mo,8.0405
47,1990-04-30,30 Yr,8.756
54,1990-05-31,10 Yr,8.758181818181818
56,1990-05-31,2 Yr,8.642272727272728
58,1990-05-31,3 Mo,8.006818181818183
60,1990-05-31,30 Yr,8.731363636363637
67,1990-06-30,10 Yr,8.48
69,1990-06-30,2 Yr,8.350952380952382
71,1990-06-30,3 Mo,7.986666666666666
73,1990-06-30,30 Yr,8.457619047619048
80,1990-07-31,10 Yr,8.471428571428572
82,1990-07-31,2 Yr,8.157142857142858
84,1990-07-31,3 Mo,7.874761904761905
86,1990-07-31,30 Yr,8.498095238095239
93,1990-08-31,10 Yr,8.752608695652174
95,1990-08-31,2 Yr,8.061304347826086
97,1990-08-31,3 Mo,7.694347826086957
99,1990-08-31,30 Yr,8.863478260869565
106,1990-09-30,10 Yr,8.893157894736841
108,1990-09-30,2 Yr,8.079473684210527
110,1990-09-30,3 Mo,7.597894736842106
112,1990-09-30,30 Yr,9.028947368421052
119,1990-10-31,10 Yr,8.719545454545456
121,1990-10-31,2 Yr,7.877727272727273
123,1990-10-31,3 Mo,7.4
125,1990-10-31,30 Yr,8.857727272727272
132,1990-11-30,10 Yr,8.392
134,1990-11-30,2 Yr,7.599500000000001
136,1990-11-30,3 Mo,7.2905
138,1990-11-30,30 Yr,8.5405
145,1990-12-31,10 Yr,8.075
147,1990-12-31,2 Yr,7.314
149,1990-12-31,3 Mo,6.9495000000000005
151,1990-12-31,30 Yr,8.237
158,1991-01-31,10 Yr,8.091904761904763
160,1991-01-31,2 Yr,7.125238095238095
162,1991-01-31,3 Mo,6.41047619047619
164,1991-01-31,30 Yr,8.26952380952381
171,1991-02-28,10 Yr,7.854736842105264
173,1991-02-28,2 Yr,6.866842105263157
175,1991-02-28,3 Mo,6.116315789473684
177,1991-02-28,30 Yr,8.034210526315789
184,1991-03-31,10 Yr,8.11
186,1991-03-31,2 Yr,7.103
188,1991-03-31,3 Mo,6.093500000000001
190,1991-03-31,30 Yr,8.288
197,1991-04-30,10 Yr,8.039090909090909
199,1991-04-30,2 Yr,6.948181818181819
201,1991-04-30,3 Mo,5.825454545454545
203,1991-04-30,30 Yr,8.209545454545456
210,1991-05-31,10 Yr,8.067727272727273
212,1991-05-31,2 Yr,6.783636363636364
214,1991-05-31,3 Mo,5.633636363636364
216,1991-05-31,30 Yr,8.267272727272728
223,1991-06-30,10 Yr,8.284
225,1991-06-30,2 Yr,6.956
227,1991-06-30,3 Mo,5.7509999999999994
229,1991-06-30,30 Yr,8.472
236,1991-07-31,10 Yr,8.272727272727273
238,1991-07-31,2 Yr,6.917727272727273
240,1991-07-31,3 Mo,5.750909090909091
242,1991-07-31,30 Yr,8.452272727272726
249,1991-08-31,10 Yr,7.9
251,1991-08-31,2 Yr,6.433181818181819
253,1991-08-31,3 Mo,5.497727272727273
255,1991-08-31,30 Yr,8.143636363636363
262,1991-09-30,10 Yr,7.65
264,1991-09-30,2 Yr,6.1815
266,1991-09-30,3 Mo,5.3735
268,1991-09-30,30 Yr,7.948
275,1991-10-31,10 Yr,7.527272727272727
277,1991-10-31,2 Yr,5.912272727272727
279,1991-10-31,3 Mo,5.1440909090909095
281,1991-10-31,30 Yr,7.930454545454546
288,1991-11-30,10 Yr,7.417368421052632
290,1991-11-30,2 Yr,5.558947368421053
292,1991-11-30,3 Mo,4.689473684210526
294,1991-11-30,30 Yr,7.92157894736842
301,1991-12-31,10 Yr,7.088571428571429
303,1991-12-31,2 Yr,5.025714285714285
305,1991-12-31,3 Mo,4.184285714285714
307,1991-12-31,30 Yr,7.701904761904762
314,1992-01-31,10 Yr,7.032380952380953
316,1992-01-31,2 Yr,4.958095238095238
318,1992-01-31,3 Mo,3.9061904761904764
320,1992-01-31,30 Yr,7.581904761904762
327,1992-02-29,10 Yr,7.337894736842105
329,1992-02-29,2 Yr,5.212105263157895
331,1992-02-29,3 Mo,3.9499999999999997
333,1992-02-29,30 Yr,7.854736842105264
340,1992-03-31,10 Yr,7.542272727272728
342,1992-03-31,2 Yr,5.6850000000000005
344,1992-03-31,3 Mo,4.138636363636364
346,1992-03-31,30 Yr,7.969545454545455
353,1992-04-30,10 Yr,7.480476190476191
355,1992-04-30,2 Yr,5.344285714285714
357,1992-04-30,3 Mo,3.8390476190476193
359,1992-04-30,30 Yr,7.962380952380952
366,1992-05-31,10 Yr,7.392
368,1992-05-31,2 Yr,5.2255
370,1992-05-31,3 Mo,3.719
372,1992-05-31,30 Yr,7.891
379,1992-06-30,10 Yr,7.261818181818182
381,1992-06-30,2 Yr,5.048181818181818
383,1992-06-30,3 Mo,3.745
385,1992-06-30,30 Yr,7.841818181818183
392,1992-07-31,10 Yr,6.844545454545455
394,1992-07-31,2 Yr,4.3554545454545455
396,1992-07-31,3 Mo,3.2795454545454548
398,1992-07-31,30 Yr,7.598181818181818
405,1992-08-31,10 Yr,6.585714285714286
407,1992-08-31,2 Yr,4.192857142857143
409,1992-08-31,3 Mo,3.1990476190476196
411,1992-08-31,30 Yr,7.39047619047619
418,1992-09-30,10 Yr,6.415238095238095
420,1992-09-30,2 Yr,3.894285714285714
422,1992-09-30,3 Mo,2.968571428571429
424,1992-09-30,30 Yr,7.3409523809523805
431,1992-10-31,10 Yr,6.589047619047619
433,1992-10-31,2 Yr,4.082857142857143
435,1992-10-31,3 Mo,2.932857142857143
437,1992-10-31,30 Yr,7.531904761904761
444,1992-11-30,10 Yr,6.873157894736842
446,1992-11-30,2 Yr,4.579473684210527
448,1992-11-30,3 Mo,3.2057894736842103
450,1992-11-30,30 Yr,7.606842105263158
457,1992-12-31,10 Yr,6.77
459,1992-12-31,2 Yr,4.673636363636363
461,1992-12-31,3 Mo,3.291363636363636
463,1992-12-31,30 Yr,7.4363636363636365
470,1993-01-31,10 Yr,6.6000000000000005
472,1993-01-31,2 Yr,4.39
474,1993-01-31,3 Mo,3.0710526315789473
476,1993-01-31,30 Yr,7.341578947368421
483,1993-02-28,10 Yr,6.258947368421053
485,1993-02-28,2 Yr,4.098421052631579
487,1993-02-28,3 Mo,2.9926315789473685
489,1993-02-28,30 Yr,7.0894736842105255
496,1993-03-31,10 Yr,5.975217391304348
498,1993-03-31,2 Yr,3.9495652173913043
500,1993-03-31,3 Mo,3.0143478260869565
502,1993-03-31,30 Yr,6.821739130434783
509,1993-04-30,10 Yr,5.9695238095238095
511,1993-04-30,2 Yr,3.837619047619048
513,1993-04-30,3 Mo,2.9304761904761905
515,1993-04-30,30 Yr,6.854285714285714
522,1993-05-31,10 Yr,6.0355
524,1993-05-31,2 Yr,3.9770000000000003
526,1993-05-31,3 Mo,3.025
528,1993-05-31,30 Yr,6.919
535,1993-06-30,10 Yr,5.962727272727273
537,1993-06-30,2 Yr,4.163636363636363
539,1993-06-30,3 Mo,3.144545454545455
541,1993-06-30,30 Yr,6.807272727272727
548,1993-07-31,10 Yr,5.805238095238095
550,1993-07-31,2 Yr,4.071904761904762
552,1993-07-31,3 Mo,3.110952380952381
554,1993-07-31,30 Yr,6.6257142857142854
561,1993-08-31,10 Yr,5.677727272727273
563,1993-08-31,2 Yr,4.001363636363636
565,1993-08-31,3 Mo,3.0904545454545453
567,1993-08-31,30 Yr,6.323181818181817
574,1993-09-30,10 Yr,5.36
576,1993-09-30,2 Yr,3.8471428571428574
578,1993-09-30,3 Mo,3.0085714285714285
580,1993-09-30,30 Yr,5.997142857142857
587,1993-10-31,10 Yr,5.334
589,1993-10-31,2 Yr,3.8745
591,1993-10-31,3 Mo,3.092
593,1993-10-31,30 Yr,5.939
600,1993-11-30,10 Yr,5.724
602,1993-11-30,2 Yr,4.1555
604,1993-11-30,3 Mo,3.1795
606,1993-11-30,30 Yr,6.21
613,1993-12-31,10 Yr,5.774090909090909
615,1993-12-31,2 Yr,4.212272727272727
617,1993-12-31,3 Mo,3.127727272727273
619,1993-12-31,30 Yr,6.251818181818181
626,1994-01-31,10 Yr,5.750500000000001
628,1994-01-31,2 Yr,4.14
630,1994-01-31,3 Mo,3.0445
632,1994-01-31,30 Yr,6.2909999999999995
639,1994-02-28,10 Yr,5.9731578947368416
641,1994-02-28,2 Yr,4.474210526315789
643,1994-02-28,3 Mo,3.3305263157894736
645,1994-02-28,30 Yr,6.490526315789474
652,1994-03-31,10 Yr,6.482608695652174
654,1994-03-31,2 Yr,4.995217391304348
656,1994-03-31,3 Mo,3.5908695652173916
658,1994-03-31,30 Yr,6.906521739130435
665,1994-04-30,10 Yr,6.972105263157895
667,1994-04-30,2 Yr,5.549473684210526
669,1994-04-30,3 Mo,3.7805263157894737
671,1994-04-30,30 Yr,7.2689473684210535
678,1994-05-31,10 Yr,7.183333333333333
680,1994-05-31,2 Yr,5.968095238095238
682,1994-05-31,3 Mo,4.267619047619048
684,1994-05-31,30 Yr,7.4123809523809525
691,1994-06-30,10 Yr,7.101363636363636
693,1994-06-30,2 Yr,5.931363636363637
695,1994-06-30,3 Mo,4.249090909090909
697,1994-06-30,30 Yr,7.395
704,1994-07-31,10 Yr,7.298
706,1994-07-31,2 Yr,6.13
708,1994-07-31,3 Mo,4.4565
710,1994-07-31,30 Yr,7.578999999999999
717,1994-08-31,10 Yr,7.236086956521739
719,1994-08-31,2 Yr,6.177391304347827
721,1994-08-31,3 Mo,4.611739130434783
723,1994-08-31,30 Yr,7.486086956521739
730,1994-09-30,10 Yr,7.457142857142857
732,1994-09-30,2 Yr,6.392380952380953
734,1994-09-30,3 Mo,4.751428571428572
736,1994-09-30,30 Yr,7.712380952380952
743,1994-10-31,10 Yr,7.744
745,1994-10-31,2 Yr,6.7284999999999995
747,1994-10-31,3 Mo,5.101999999999999
749,1994-10-31,30 Yr,7.935
756,1994-11-30,10 Yr,7.955
758,1994-11-30,2 Yr,7.1485
760,1994-11-30,3 Mo,5.449
762,1994-11-30,30 Yr,8.0815
769,1994-12-31,10 Yr,7.813809523809524
771,1994-12-31,2 Yr,7.58952380952381
773,1994-12-31,3 Mo,5.7647619047619045
775,1994-12-31,30 Yr,7.871428571428572
782,1995-01-31,10 Yr,7.7795000000000005
784,1995-01-31,2 Yr,7.507
786,1995-01-31,3 Mo,5.9015
788,1995-01-31,30 Yr,7.846500000000001
795,1995-02-28,10 Yr,7.469473684210525
797,1995-02-28,2 Yr,7.111578947368422
799,1995-02-28,3 Mo,5.939473684210526
801,1995-02-28,30 Yr,7.611578947368422
808,1995-03-31,10 Yr,7.204782608695653
810,1995-03-31,2 Yr,6.775652173913044
812,1995-03-31,3 Mo,5.910434782608696
814,1995-03-31,30 Yr,7.447826086956522
821,1995-04-30,10 Yr,7.062631578947368
823,1995-04-30,2 Yr,6.5678947368421055
825,1995-04-30,3 Mo,5.837894736842105
827,1995-04-30,30 Yr,7.360526315789474
834,1995-05-31,10 Yr,6.632727272727274
836,1995-05-31,2 Yr,6.170909090909091
838,1995-05-31,3 Mo,5.847727272727273
840,1995-05-31,30 Yr,6.95
847,1995-06-30,10 Yr,6.168181818181818
849,1995-06-30,2 Yr,5.715909090909091
851,1995-06-30,3 Mo,5.63909090909091
853,1995-06-30,30 Yr,6.573181818181819
860,1995-07-31,10 Yr,6.2780000000000005
862,1995-07-31,2 Yr,5.779999999999999
864,1995-07-31,3 Mo,5.593
866,1995-07-31,30 Yr,6.720999999999999
873,1995-08-31,10 Yr,6.488260869565217
875,1995-08-31,2 Yr,5.980869565217391
877,1995-08-31,3 Mo,5.565652173913043
879,1995-08-31,30 Yr,6.860434782608695
886,1995-09-30,10 Yr,6.1975
888,1995-09-30,2 Yr,5.806
890,1995-09-30,3 Mo,5.434
892,1995-09-30,30 Yr,6.5489999999999995
899,1995-10-31,10 Yr,6.044761904761905
901,1995-10-31,2 Yr,5.6971428571428575
903,1995-10-31,3 Mo,5.444285714285714
905,1995-10-31,30 Yr,6.374761904761905
912,1995-11-30,10 Yr,5.93047619047619
914,1995-11-30,2 Yr,5.478571428571429
916,1995-11-30,3 Mo,5.5180952380952375
918,1995-11-30,30 Yr,6.262857142857143
925,1995-12-31,10 Yr,5.7115
927,1995-12-31,2 Yr,5.3245
929,1995-12-31,3 Mo,5.294
931,1995-12-31,30 Yr,6.0625
938,1996-01-31,10 Yr,5.652380952380953
940,1996-01-31,2 Yr,5.112380952380953
942,1996-01-31,3 Mo,5.150476190476191
944,1996-01-31,30 Yr,6.051904761904762
951,1996-02-29,10 Yr,5.8055
953,1996-02-29,2 Yr,5.0255
955,1996-02-29,3 Mo,4.9645
957,1996-02-29,30 Yr,6.242
964,1996-03-31,10 Yr,6.268571428571428
966,1996-03-31,2 Yr,5.660952380952381
968,1996-03-31,3 Mo,5.097619047619047
970,1996-03-31,30 Yr,6.604285714285714
977,1996-04-30,10 Yr,6.511363636363637
979,1996-04-30,2 Yr,5.957272727272727
981,1996-04-30,3 Mo,5.087727272727273
983,1996-04-30,30 Yr,6.794090909090909
990,1996-05-31,10 Yr,6.736818181818182
992,1996-05-31,2 Yr,6.095
994,1996-05-31,3 Mo,5.153636363636363
996,1996-05-31,30 Yr,6.927727272727273
1003,1996-06-30,10 Yr,6.912000000000001
1005,1996-06-30,2 Yr,6.297
1007,1996-06-30,3 Mo,5.2315
1009,1996-06-30,30 Yr,7.059
1016,1996-07-31,10 Yr,6.865454545454545
1018,1996-07-31,2 Yr,6.27
1020,1996-07-31,3 Mo,5.298181818181818
1022,1996-07-31,30 Yr,7.033181818181817
1029,1996-08-31,10 Yr,6.635454545454545
1031,1996-08-31,2 Yr,6.029090909090908
1033,1996-08-31,3 Mo,5.1890909090909085
1035,1996-08-31,30 Yr,6.841818181818183
1042,1996-09-30,10 Yr,6.832000000000001
1044,1996-09-30,2 Yr,6.234
1046,1996-09-30,3 Mo,5.2375
1048,1996-09-30,30 Yr,7.026000000000001
1055,1996-10-31,10 Yr,6.533636363636364
1057,1996-10-31,2 Yr,5.912727272727273
1059,1996-10-31,3 Mo,5.123181818181818
1061,1996-10-31,30 Yr,6.808636363636364
1068,1996-11-30,10 Yr,6.203684210526316
1070,1996-11-30,2 Yr,5.701578947368421
1072,1996-11-30,3 Mo,5.169473684210526
1074,1996-11-30,30 Yr,6.481578947368422
1081,1996-12-31,10 Yr,6.302380952380952
1083,1996-12-31,2 Yr,5.781904761904762
1085,1996-12-31,3 Mo,5.04047619047619
1087,1996-12-31,30 Yr,6.552380952380952
1094,1997-01-31,10 Yr,6.579047619047619
1096,1997-01-31,2 Yr,6.008095238095239
1098,1997-01-31,3 Mo,5.1657142857142855
1100,1997-01-31,30 Yr,6.826666666666667
1107,1997-02-28,10 Yr,6.419473684210526
1109,1997-02-28,2 Yr,5.898421052631579
1111,1997-02-28,3 Mo,5.1421052631578945
1113,1997-02-28,30 Yr,6.687894736842105
1120,1997-03-31,10 Yr,6.6945
1122,1997-03-31,2 Yr,6.2219999999999995
1124,1997-03-31,3 Mo,5.2844999999999995
1126,1997-03-31,30 Yr,6.9325
1133,1997-04-30,10 Yr,6.885454545454545
1135,1997-04-30,2 Yr,6.448181818181819
1137,1997-04-30,3 Mo,5.304545454545455
1139,1997-04-30,30 Yr,7.092727272727273
1146,1997-05-31,10 Yr,6.7109523809523814
1148,1997-05-31,2 Yr,6.276666666666666
1150,1997-05-31,3 Mo,5.196666666666666
1152,1997-05-31,30 Yr,6.935714285714286
1159,1997-06-30,10 Yr,6.493809523809524
1161,1997-06-30,2 Yr,6.094761904761905
1163,1997-06-30,3 Mo,5.070952380952381
1165,1997-06-30,30 Yr,6.772380952380952
1172,1997-07-31,10 Yr,6.220454545454545
1174,1997-07-31,2 Yr,5.890909090909091
1176,1997-07-31,3 Mo,5.194545454545454
1178,1997-07-31,30 Yr,6.51
1185,1997-08-31,10 Yr,6.298571428571429
1187,1997-08-31,2 Yr,5.939047619047619
1189,1997-08-31,3 Mo,5.27952380952381
1191,1997-08-31,30 Yr,6.578571428571429
1198,1997-09-30,10 Yr,6.208571428571428
1200,1997-09-30,2 Yr,5.881904761904762
1202,1997-09-30,3 Mo,5.084761904761905
1204,1997-09-30,30 Yr,6.495238095238095
1211,1997-10-31,10 Yr,6.029545454545455
1213,1997-10-31,2 Yr,5.771818181818182
1215,1997-10-31,3 Mo,5.112727272727273
1217,1997-10-31,30 Yr,6.326363636363637
1224,1997-11-30,10 Yr,5.875
1226,1997-11-30,2 Yr,5.712777777777777
1228,1997-11-30,3 Mo,5.2811111111111115
1230,1997-11-30,30 Yr,6.109444444444445
1237,1997-12-31,10 Yr,5.808636363636364
1239,1997-12-31,2 Yr,5.715
1241,1997-12-31,3 Mo,5.304545454545455
1243,1997-12-31,30 Yr,5.99
1250,1998-01-31,10 Yr,5.5445
1252,1998-01-31,2 Yr,5.357
1254,1998-01-31,3 Mo,5.179
1256,1998-01-31,30 Yr,5.811
1263,1998-02-28,10 Yr,5.574736842105263
1265,1998-02-28,2 Yr,5.417894736842105
1267,1998-02-28,3 Mo,5.23
1269,1998-02-28,30 Yr,5.8910526315789475
1276,1998-03-31,10 Yr,5.647272727272727
1278,1998-03-31,2 Yr,5.5613636363636365
1280,1998-03-31,3 Mo,5.161818181818182
1282,1998-03-31,30 Yr,5.948181818181819
1289,1998-04-30,10 Yr,5.637619047619047
1291,1998-04-30,2 Yr,5.564285714285714
1293,1998-04-30,3 Mo,5.082857142857143
1295,1998-04-30,30 Yr,5.923809523809524
1302,1998-05-31,10 Yr,5.6525
1304,1998-05-31,2 Yr,5.593500000000001
1306,1998-05-31,3 Mo,5.14
1308,1998-05-31,30 Yr,5.9265
1315,1998-06-30,10 Yr,5.496363636363636
1317,1998-06-30,2 Yr,5.52
1319,1998-06-30,3 Mo,5.124090909090909
1321,1998-06-30,30 Yr,5.703636363636364
1328,1998-07-31,10 Yr,5.461363636363637
1330,1998-07-31,2 Yr,5.458181818181818
1332,1998-07-31,3 Mo,5.094545454545455
1334,1998-07-31,30 Yr,5.676818181818182
1341,1998-08-31,10 Yr,5.341904761904762
1343,1998-08-31,2 Yr,5.268571428571429
1345,1998-08-31,3 Mo,5.040952380952381
1347,1998-08-31,30 Yr,5.54047619047619
1354,1998-09-30,10 Yr,4.806666666666667
1356,1998-09-30,2 Yr,4.666190476190476
1358,1998-09-30,3 Mo,4.739047619047619
1360,1998-09-30,30 Yr,5.204761904761905
1367,1998-10-31,10 Yr,4.529999999999999
1369,1998-10-31,2 Yr,4.091904761904762
1371,1998-10-31,3 Mo,4.070476190476191
1373,1998-10-31,30 Yr,5.01047619047619
1380,1998-11-30,10 Yr,4.827368421052632
1382,1998-11-30,2 Yr,4.54
1384,1998-11-30,3 Mo,4.531052631578947
1386,1998-11-30,30 Yr,5.248421052631579
1393,1998-12-31,10 Yr,4.645
1395,1998-12-31,2 Yr,4.506363636363637
1397,1998-12-31,3 Mo,4.496818181818182
1399,1998-12-31,30 Yr,5.059090909090909
1406,1999-01-31,10 Yr,4.722105263157895
1408,1999-01-31,2 Yr,4.615263157894737
1410,1999-01-31,3 Mo,4.446315789473684
1412,1999-01-31,30 Yr,5.157894736842105
1419,1999-02-28,10 Yr,4.998947368421053
1421,1999-02-28,2 Yr,4.876315789473685
1423,1999-02-28,3 Mo,4.5552631578947365
1425,1999-02-28,30 Yr,5.365263157894737
1432,1999-03-31,10 Yr,5.232608695652174
1434,1999-03-31,2 Yr,5.05304347826087
1436,1999-03-31,3 Mo,4.566521739130435
1438,1999-03-31,30 Yr,5.5804347826086955
1445,1999-04-30,10 Yr,5.184545454545455
1447,1999-04-30,2 Yr,4.976818181818182
1449,1999-04-30,3 Mo,4.409090909090909
1451,1999-04-30,30 Yr,5.547727272727273
1458,1999-05-31,10 Yr,5.539499999999999
1460,1999-05-31,2 Yr,5.2545
1462,1999-05-31,3 Mo,4.631
1464,1999-05-31,30 Yr,5.8055
1471,1999-06-30,10 Yr,5.899545454545454
1473,1999-06-30,2 Yr,5.618636363636363
1475,1999-06-30,3 Mo,4.715454545454545
1477,1999-06-30,30 Yr,6.041818181818183
1484,1999-07-31,10 Yr,5.791904761904762
1486,1999-07-31,2 Yr,5.5547619047619055
1488,1999-07-31,3 Mo,4.685714285714286
1490,1999-07-31,30 Yr,5.983333333333333
1497,1999-08-31,10 Yr,5.9390909090909085
1499,1999-08-31,2 Yr,5.678181818181819
1501,1999-08-31,3 Mo,4.873636363636364
1503,1999-08-31,30 Yr,6.068636363636363
1510,1999-09-30,10 Yr,5.915238095238095
1512,1999-09-30,2 Yr,5.661904761904762
1514,1999-09-30,3 Mo,4.822380952380952
1516,1999-09-30,30 Yr,6.071428571428571
1523,1999-10-31,10 Yr,6.112
1525,1999-10-31,2 Yr,5.8625
1527,1999-10-31,3 Mo,5.0185
1529,1999-10-31,30 Yr,6.2635
1536,1999-11-30,10 Yr,6.034
1538,1999-11-30,2 Yr,5.862
1540,1999-11-30,3 Mo,5.2275
1542,1999-11-30,30 Yr,6.1450000000000005
1549,1999-12-31,10 Yr,6.275454545454545
1551,1999-12-31,2 Yr,6.104545454545455
1553,1999-12-31,3 Mo,5.3568181818181815
1555,1999-12-31,30 Yr,6.351363636363636
1562,2000-01-31,10 Yr,6.661
1564,2000-01-31,2 Yr,6.44
1566,2000-01-31,3 Mo,5.4990000000000006
1568,2000-01-31,30 Yr,6.6255
1575,2000-02-29,10 Yr,6.519499999999999
1577,2000-02-29,2 Yr,6.6105
1579,2000-02-29,3 Mo,5.727
1581,2000-02-29,30 Yr,6.232
1588,2000-03-31,10 Yr,6.256521739130435
1590,2000-03-31,2 Yr,6.528260869565218
1592,2000-03-31,3 Mo,5.863913043478261
1594,2000-03-31,30 Yr,6.053478260869565
1601,2000-04-30,10 Yr,5.990526315789474
1603,2000-04-30,2 Yr,6.403684210526316
1605,2000-04-30,3 Mo,5.821578947368421
1607,2000-04-30,30 Yr,5.846315789473684
1614,2000-05-31,10 Yr,6.440454545454545
1616,2000-05-31,2 Yr,6.809545454545455
1618,2000-05-31,3 Mo,5.994545454545454
1620,2000-05-31,30 Yr,6.148636363636364
1627,2000-06-30,10 Yr,6.097272727272728
1629,2000-06-30,2 Yr,6.4818181818181815
1631,2000-06-30,3 Mo,5.861818181818182
1633,2000-06-30,30 Yr,5.926363636363636
1640,2000-07-31,10 Yr,6.054
1642,2000-07-31,2 Yr,6.339
1644,2000-07-31,3 Mo,6.1425
1646,2000-07-31,30 Yr,5.851
1653,2000-08-31,10 Yr,5.826086956521739
1655,2000-08-31,2 Yr,6.228695652173912
1657,2000-08-31,3 Mo,6.277391304347826
1659,2000-08-31,30 Yr,5.716086956521739
1666,2000-09-30,10 Yr,5.799
1668,2000-09-30,2 Yr,6.0815
1670,2000-09-30,3 Mo,6.175
1672,2000-09-30,30 Yr,5.8265
1679,2000-10-31,10 Yr,5.738571428571428
1681,2000-10-31,2 Yr,5.9123809523809525
1683,2000-10-31,3 Mo,6.294761904761905
1685,2000-10-31,30 Yr,5.803333333333334
1692,2000-11-30,10 Yr,5.717142857142857
1694,2000-11-30,2 Yr,5.875238095238096
1696,2000-11-30,3 Mo,6.356190476190475
1698,2000-11-30,30 Yr,5.775714285714285
1705,2000-12-31,10 Yr,5.2405
1707,2000-12-31,2 Yr,5.351999999999999
1709,2000-12-31,3 Mo,5.936999999999999
1711,2000-12-31,30 Yr,5.4905
1718,2001-01-31,10 Yr,5.160952380952381
1720,2001-01-31,2 Yr,4.76
1722,2001-01-31,3 Mo,5.285238095238095
1724,2001-01-31,30 Yr,5.540952380952381
1731,2001-02-28,10 Yr,5.098947368421053
1733,2001-02-28,2 Yr,4.656842105263158
1735,2001-02-28,3 Mo,5.005263157894737
1737,2001-02-28,30 Yr,5.454736842105263
1744,2001-03-31,10 Yr,4.885454545454546
1746,2001-03-31,2 Yr,4.342272727272728
1748,2001-03-31,3 Mo,4.535454545454545
1750,2001-03-31,30 Yr,5.339545454545455
1757,2001-04-30,10 Yr,5.141
1759,2001-04-30,2 Yr,4.234
1761,2001-04-30,3 Mo,3.966
1763,2001-04-30,30 Yr,5.646
1770,2001-05-31,10 Yr,5.391363636363637
1772,2001-05-31,2 Yr,4.26
1774,2001-05-31,3 Mo,3.703181818181818
1776,2001-05-31,30 Yr,5.78
1783,2001-06-30,10 Yr,5.284285714285714
1785,2001-06-30,2 Yr,4.08
1787,2001-06-30,3 Mo,3.5652380952380955
1789,2001-06-30,30 Yr,5.66952380952381
1796,2001-07-31,10 Yr,5.236190476190477
1798,2001-07-31,2 Yr,4.038571428571428
1800,2001-07-31,3 Mo,3.593333333333333
1802,2001-07-31,30 Yr,5.613333333333333
1809,2001-08-31,10 Yr,4.971304347826087
1811,2001-08-31,2 Yr,3.757391304347826
1813,2001-08-31,3 Mo,3.4378260869565223
1815,2001-08-31,30 Yr,5.483478260869566
1822,2001-09-30,10 Yr,4.731764705882353
1824,2001-09-30,2 Yr,3.1188235294117646
1826,2001-09-30,3 Mo,2.69235294117647
1828,2001-09-30,30 Yr,5.482941176470588
1835,2001-10-31,10 Yr,4.566818181818181
1837,2001-10-31,2 Yr,2.725909090909091
1839,2001-10-31,3 Mo,2.1977272727272728
1841,2001-10-31,30 Yr,5.315454545454545
1848,2001-11-30,10 Yr,4.6515
1850,2001-11-30,2 Yr,2.7824999999999998
1852,2001-11-30,3 Mo,1.9065
1854,2001-11-30,30 Yr,5.118
1861,2001-12-31,10 Yr,5.0875
1863,2001-12-31,2 Yr,3.107
1865,2001-12-31,3 Mo,1.72
1867,2001-12-31,30 Yr,5.4799999999999995
1874,2002-01-31,10 Yr,5.035714285714286
1876,2002-01-31,2 Yr,3.0280952380952377
1878,2002-01-31,3 Mo,1.684761904761905
1880,2002-01-31,30 Yr,5.4452380952380945
1887,2002-02-28,10 Yr,4.911578947368421
1889,2002-02-28,2 Yr,3.015263157894737
1891,2002-02-28,3 Mo,1.756842105263158
1893,2002-02-28,30 Yr,5.40090909090909
1900,2002-03-31,10 Yr,5.284000000000001
1902,2002-03-31,2 Yr,3.5575
1904,2002-03-31,3 Mo,1.825
1913,2002-04-30,10 Yr,5.210909090909091
1915,2002-04-30,2 Yr,3.4227272727272724
1917,2002-04-30,3 Mo,1.745
1926,2002-05-31,10 Yr,5.164545454545455
1928,2002-05-31,2 Yr,3.264090909090909
1930,2002-05-31,3 Mo,1.7604545454545453
1939,2002-06-30,10 Yr,4.9265
1941,2002-06-30,2 Yr,2.993
1943,2002-06-30,3 Mo,1.732
1952,2002-07-31,10 Yr,4.653181818181818
1954,2002-07-31,2 Yr,2.5568181818181817
1956,2002-07-31,3 Mo,1.7136363636363638
1965,2002-08-31,10 Yr,4.257272727272727
1967,2002-08-31,2 Yr,2.1336363636363633
1969,2002-08-31,3 Mo,1.6472727272727274
1978,2002-09-30,10 Yr,3.87
1980,2002-09-30,2 Yr,2.0044999999999997
1982,2002-09-30,3 Mo,1.659
1991,2002-10-31,10 Yr,3.940909090909091
1993,2002-10-31,2 Yr,1.9118181818181819
1995,2002-10-31,3 Mo,1.61
2004,2002-11-30,10 Yr,4.048421052631579
2006,2002-11-30,2 Yr,1.923157894736842
2008,2002-11-30,3 Mo,1.2547368421052632
2017,2002-12-31,10 Yr,4.032380952380952
2019,2002-12-31,2 Yr,1.8361904761904764
2021,2002-12-31,3 Mo,1.210952380952381
2030,2003-01-31,10 Yr,4.048571428571428
2032,2003-01-31,2 Yr,1.7433333333333334
2034,2003-01-31,3 Mo,1.189047619047619
2043,2003-02-28,10 Yr,3.9026315789473687
2045,2003-02-28,2 Yr,1.6278947368421053
2047,2003-02-28,3 Mo,1.1852631578947368
2056,2003-03-31,10 Yr,3.8071428571428574
2058,2003-03-31,2 Yr,1.5738095238095238
2060,2003-03-31,3 Mo,1.150952380952381
2069,2003-04-30,10 Yr,3.958571428571428
2071,2003-04-30,2 Yr,1.6223809523809525
2073,2003-04-30,3 Mo,1.1523809523809523
2082,2003-05-31,10 Yr,3.5690476190476192
2084,2003-05-31,2 Yr,1.4152380952380952
2086,2003-05-31,3 Mo,1.0880952380952382
2095,2003-06-30,10 Yr,3.334285714285714
2097,2003-06-30,2 Yr,1.227142857142857
2099,2003-06-30,3 Mo,0.9361904761904762
2108,2003-07-31,10 Yr,3.975454545454546
2110,2003-07-31,2 Yr,1.4740909090909091
2112,2003-07-31,3 Mo,0.9204545454545454
2121,2003-08-31,10 Yr,4.4452380952380945
2123,2003-08-31,2 Yr,1.8642857142857143
2125,2003-08-31,3 Mo,0.9690476190476189
2134,2003-09-30,10 Yr,4.274285714285715
2136,2003-09-30,2 Yr,1.706190476190476
2138,2003-09-30,3 Mo,0.9552380952380952
2147,2003-10-31,10 Yr,4.290454545454545
2149,2003-10-31,2 Yr,1.7477272727272728
2151,2003-10-31,3 Mo,0.9418181818181818
2160,2003-11-30,10 Yr,4.300000000000001
2162,2003-11-30,2 Yr,1.9266666666666667
2164,2003-11-30,3 Mo,0.9522222222222223
2173,2003-12-31,10 Yr,4.267727272727273
2175,2003-12-31,2 Yr,1.9072727272727272
2177,2003-12-31,3 Mo,0.9145454545454546
2186,2004-01-31,10 Yr,4.1505
2188,2004-01-31,2 Yr,1.761
2190,2004-01-31,3 Mo,0.9005000000000001
2199,2004-02-29,10 Yr,4.084210526315789
2201,2004-02-29,2 Yr,1.7400000000000002
2203,2004-02-29,3 Mo,0.9447368421052631
2212,2004-03-31,10 Yr,3.826521739130435
2214,2004-03-31,2 Yr,1.5778260869565217
2216,2004-03-31,3 Mo,0.9534782608695652
2225,2004-04-30,10 Yr,4.347619047619047
2227,2004-04-30,2 Yr,2.070952380952381
2229,2004-04-30,3 Mo,0.9580952380952381
2238,2004-05-31,10 Yr,4.7155000000000005
2240,2004-05-31,2 Yr,2.5335
2242,2004-05-31,3 Mo,1.0394999999999999
2251,2004-06-30,10 Yr,4.733809523809524
2253,2004-06-30,2 Yr,2.763333333333333
2255,2004-06-30,3 Mo,1.2880952380952382
2264,2004-07-31,10 Yr,4.498095238095239
2266,2004-07-31,2 Yr,2.6385714285714283
2268,2004-07-31,3 Mo,1.3576190476190477
2277,2004-08-31,10 Yr,4.281363636363636
2279,2004-08-31,2 Yr,2.5081818181818183
2281,2004-08-31,3 Mo,1.5031818181818182
2290,2004-09-30,10 Yr,4.1257142857142854
2292,2004-09-30,2 Yr,2.5252380952380955
2294,2004-09-30,3 Mo,1.6814285714285715
2303,2004-10-31,10 Yr,4.0969999999999995
2305,2004-10-31,2 Yr,2.5845
2307,2004-10-31,3 Mo,1.7945
2316,2004-11-30,10 Yr,4.194
2318,2004-11-30,2 Yr,2.852
2320,2004-11-30,3 Mo,2.1075
2329,2004-12-31,10 Yr,4.2309090909090905
2331,2004-12-31,2 Yr,3.011818181818182
2333,2004-12-31,3 Mo,2.222727272727273
2342,2005-01-31,10 Yr,4.221500000000001
2344,2005-01-31,2 Yr,3.2225
2346,2005-01-31,3 Mo,2.371
2355,2005-02-28,10 Yr,4.165263157894737
2357,2005-02-28,2 Yr,3.3847368421052635
2359,2005-02-28,3 Mo,2.579473684210526
2368,2005-03-31,10 Yr,4.497727272727273
2370,2005-03-31,2 Yr,3.7268181818181816
2372,2005-03-31,3 Mo,2.795909090909091
2381,2005-04-30,10 Yr,4.3409523809523805
2383,2005-04-30,2 Yr,3.653809523809524
2385,2005-04-30,3 Mo,2.836666666666667
2394,2005-05-31,10 Yr,4.144285714285714
2396,2005-05-31,2 Yr,3.643809523809524
2398,2005-05-31,3 Mo,2.901904761904762
2407,2005-06-30,10 Yr,3.998181818181818
2409,2005-06-30,2 Yr,3.6404545454545456
2411,2005-06-30,3 Mo,3.036363636363636
2420,2005-07-31,10 Yr,4.1775
2422,2005-07-31,2 Yr,3.871
2424,2005-07-31,3 Mo,3.2875
2433,2005-08-31,10 Yr,4.262608695652174
2435,2005-08-31,2 Yr,4.044347826086956
2437,2005-08-31,3 Mo,3.5182608695652173
2446,2005-09-30,10 Yr,4.199047619047619
2448,2005-09-30,2 Yr,3.9461904761904765
2450,2005-09-30,3 Mo,3.494285714285714
2459,2005-10-31,10 Yr,4.4635
2461,2005-10-31,2 Yr,4.271
2463,2005-10-31,3 Mo,3.7924999999999995
2472,2005-11-30,10 Yr,4.535
2474,2005-11-30,2 Yr,4.4165
2476,2005-11-30,3 Mo,3.9745
2485,2005-12-31,10 Yr,4.467142857142857
2487,2005-12-31,2 Yr,4.404285714285714
2489,2005-12-31,3 Mo,3.970952380952381
2498,2006-01-31,10 Yr,4.416
2500,2006-01-31,2 Yr,4.3955
2502,2006-01-31,3 Mo,4.336
2511,2006-02-28,10 Yr,4.568947368421052
2513,2006-02-28,2 Yr,4.6684210526315795
2515,2006-02-28,3 Mo,4.5394736842105265
2517,2006-02-28,30 Yr,4.536923076923077
2524,2006-03-31,10 Yr,4.7239130434782615
2526,2006-03-31,2 Yr,4.73391304347826
2528,2006-03-31,3 Mo,4.627826086956522
2530,2006-03-31,30 Yr,4.734347826086957
2537,2006-04-30,10 Yr,4.990526315789474
2539,2006-04-30,2 Yr,4.888947368421053
2541,2006-04-30,3 Mo,4.721578947368421
2543,2006-04-30,30 Yr,5.062631578947368
2550,2006-05-31,10 Yr,5.11
2552,2006-05-31,2 Yr,4.968181818181818
2554,2006-05-31,3 Mo,4.836363636363637
2556,2006-05-31,30 Yr,5.201363636363637
2563,2006-06-30,10 Yr,5.106363636363636
2565,2006-06-30,2 Yr,5.121818181818182
2567,2006-06-30,3 Mo,4.917727272727273
2569,2006-06-30,30 Yr,5.154090909090909
2576,2006-07-31,10 Yr,5.0875
2578,2006-07-31,2 Yr,5.1185
2580,2006-07-31,3 Mo,5.0765
2582,2006-07-31,30 Yr,5.1345
2589,2006-08-31,10 Yr,4.8765217391304345
2591,2006-08-31,2 Yr,4.903478260869565
2593,2006-08-31,3 Mo,5.090434782608695
2595,2006-08-31,30 Yr,4.996086956521739
2602,2006-09-30,10 Yr,4.718999999999999
2604,2006-09-30,2 Yr,4.769
2606,2006-09-30,3 Mo,4.93
2608,2006-09-30,30 Yr,4.852
2615,2006-10-31,10 Yr,4.729047619047619
2617,2006-10-31,2 Yr,4.795714285714285
2619,2006-10-31,3 Mo,5.046190476190477
2621,2006-10-31,30 Yr,4.854761904761905
2628,2006-11-30,10 Yr,4.595238095238095
2630,2006-11-30,2 Yr,4.7404761904761905
2632,2006-11-30,3 Mo,5.073333333333333
2634,2006-11-30,30 Yr,4.685714285714286
2641,2006-12-31,10 Yr,4.5645
2643,2006-12-31,2 Yr,4.6735
2645,2006-12-31,3 Mo,4.973
2647,2006-12-31,30 Yr,4.6825
2654,2007-01-31,10 Yr,4.7595238095238095
2656,2007-01-31,2 Yr,4.876190476190477
2658,2007-01-31,3 Mo,5.105238095238095
2660,2007-01-31,30 Yr,4.851904761904762
2667,2007-02-28,10 Yr,4.722631578947369
2669,2007-02-28,2 Yr,4.848947368421053
2671,2007-02-28,3 Mo,5.163157894736842
2673,2007-02-28,30 Yr,4.821578947368421
2680,2007-03-31,10 Yr,4.5645454545454545
2682,2007-03-31,2 Yr,4.573636363636364
2684,2007-03-31,3 Mo,5.079999999999999
2686,2007-03-31,30 Yr,4.721818181818182
2693,2007-04-30,10 Yr,4.6938095238095245
2695,2007-04-30,2 Yr,4.666190476190476
2697,2007-04-30,3 Mo,5.006666666666667
2699,2007-04-30,30 Yr,4.866190476190476
2706,2007-05-31,10 Yr,4.746363636363636
2708,2007-05-31,2 Yr,4.766363636363637
2710,2007-05-31,3 Mo,4.867727272727273
2712,2007-05-31,30 Yr,4.901363636363636
2719,2007-06-30,10 Yr,5.102857142857142
2721,2007-06-30,2 Yr,4.980476190476191
2723,2007-06-30,3 Mo,4.741904761904761
2725,2007-06-30,30 Yr,5.203333333333333
2732,2007-07-31,10 Yr,5.0042857142857144
2734,2007-07-31,2 Yr,4.819047619047619
2736,2007-07-31,3 Mo,4.9609523809523814
2738,2007-07-31,30 Yr,5.108095238095238
2745,2007-08-31,10 Yr,4.674782608695652
2747,2007-08-31,2 Yr,4.3130434782608695
2749,2007-08-31,3 Mo,4.31695652173913
2751,2007-08-31,30 Yr,4.932173913043478
2758,2007-09-30,10 Yr,4.521578947368421
2760,2007-09-30,2 Yr,4.011578947368421
2762,2007-09-30,3 Mo,3.9942105263157894
2764,2007-09-30,30 Yr,4.793157894736842
2771,2007-10-31,10 Yr,4.527727272727272
2773,2007-10-31,2 Yr,3.967727272727273
2775,2007-10-31,3 Mo,4.002727272727273
2777,2007-10-31,30 Yr,4.7736363636363635
2784,2007-11-30,10 Yr,4.1485
2786,2007-11-30,2 Yr,3.3365
2788,2007-11-30,3 Mo,3.3545000000000003
2790,2007-11-30,30 Yr,4.5200000000000005
2797,2007-12-31,10 Yr,4.0975
2799,2007-12-31,2 Yr,3.117
2801,2007-12-31,3 Mo,3.0665
2803,2007-12-31,30 Yr,4.526999999999999
2810,2008-01-31,10 Yr,3.744285714285714
2812,2008-01-31,2 Yr,2.475714285714286
2814,2008-01-31,3 Mo,2.82
2816,2008-01-31,30 Yr,4.33047619047619
2823,2008-02-29,10 Yr,3.7375
2825,2008-02-29,2 Yr,1.973
2827,2008-02-29,3 Mo,2.1740000000000004
2829,2008-02-29,30 Yr,4.517
2836,2008-03-31,10 Yr,3.5100000000000002
2838,2008-03-31,2 Yr,1.6170000000000002
2840,2008-03-31,3 Mo,1.2835
2842,2008-03-31,30 Yr,4.393
2849,2008-04-30,10 Yr,3.675
2851,2008-04-30,2 Yr,2.0472727272727274
2853,2008-04-30,3 Mo,1.3118181818181818
2855,2008-04-30,30 Yr,4.443181818181818
2862,2008-05-31,10 Yr,3.8800000000000003
2864,2008-05-31,2 Yr,2.4457142857142857
2866,2008-05-31,3 Mo,1.7642857142857142
2868,2008-05-31,30 Yr,4.596190476190476
2875,2008-06-30,10 Yr,4.099523809523809
2877,2008-06-30,2 Yr,2.7738095238095237
2879,2008-06-30,3 Mo,1.8904761904761906
2881,2008-06-30,30 Yr,4.689047619047619
2888,2008-07-31,10 Yr,4.007727272727273
2890,2008-07-31,2 Yr,2.5731818181818182
2892,2008-07-31,3 Mo,1.6550000000000002
2894,2008-07-31,30 Yr,4.570909090909091
2901,2008-08-31,10 Yr,3.8857142857142852
2903,2008-08-31,2 Yr,2.4204761904761902
2905,2008-08-31,3 Mo,1.752857142857143
2907,2008-08-31,30 Yr,4.501904761904761
2914,2008-09-30,10 Yr,3.6861904761904762
2916,2008-09-30,2 Yr,2.0761904761904764
2918,2008-09-30,3 Mo,1.1466666666666665
2920,2008-09-30,30 Yr,4.269047619047619
2927,2008-10-31,10 Yr,3.814090909090909
2929,2008-10-31,2 Yr,1.6122727272727273
2931,2008-10-31,3 Mo,0.6859090909090909
2933,2008-10-31,30 Yr,4.173181818181818
2940,2008-11-30,10 Yr,3.526666666666667
2942,2008-11-30,2 Yr,1.2127777777777777
2944,2008-11-30,3 Mo,0.1938888888888889
2946,2008-11-30,30 Yr,4.004444444444444
2953,2008-12-31,10 Yr,2.4163636363636365
2955,2008-12-31,2 Yr,0.8209090909090908
2957,2008-12-31,3 Mo,0.039473684210526314
2959,2008-12-31,30 Yr,2.87
2966,2009-01-31,10 Yr,2.5175
2968,2009-01-31,2 Yr,0.807
2970,2009-01-31,3 Mo,0.1295
2972,2009-01-31,30 Yr,3.128
2979,2009-02-28,10 Yr,2.87
2981,2009-02-28,2 Yr,0.9752631578947369
2983,2009-02-28,3 Mo,0.29526315789473684
2985,2009-02-28,30 Yr,3.586842105263158
2992,2009-03-31,10 Yr,2.819545454545455
2994,2009-03-31,2 Yr,0.9313636363636365
2996,2009-03-31,3 Mo,0.2159090909090909
2998,2009-03-31,30 Yr,3.6431818181818185
3005,2009-04-30,10 Yr,2.927142857142857
3007,2009-04-30,2 Yr,0.927142857142857
3009,2009-04-30,3 Mo,0.15809523809523812
3011,2009-04-30,30 Yr,3.76
3018,2009-05-31,10 Yr,3.293
3020,2009-05-31,2 Yr,0.9295
3022,2009-05-31,3 Mo,0.177
3024,2009-05-31,30 Yr,4.226999999999999
3031,2009-06-30,10 Yr,3.7218181818181817
3033,2009-06-30,2 Yr,1.184090909090909
3035,2009-06-30,3 Mo,0.17863636363636365
3037,2009-06-30,30 Yr,4.516363636363637
3044,2009-07-31,10 Yr,3.5622727272727275
3046,2009-07-31,2 Yr,1.0190909090909093
3048,2009-07-31,3 Mo,0.18363636363636363
3050,2009-07-31,30 Yr,4.406818181818182
3057,2009-08-31,10 Yr,3.587142857142857
3059,2009-08-31,2 Yr,1.1152380952380954
3061,2009-08-31,3 Mo,0.1719047619047619
3063,2009-08-31,30 Yr,4.370952380952382
3070,2009-09-30,10 Yr,3.401904761904762
3072,2009-09-30,2 Yr,0.9561904761904761
3074,2009-09-30,3 Mo,0.12333333333333335
3076,2009-09-30,30 Yr,4.185714285714286
3083,2009-10-31,10 Yr,3.3876190476190478
3085,2009-10-31,2 Yr,0.949047619047619
3087,2009-10-31,3 Mo,0.07428571428571429
3089,2009-10-31,30 Yr,4.188571428571429
3096,2009-11-30,10 Yr,3.4026315789473687
3098,2009-11-30,2 Yr,0.8031578947368421
3100,2009-11-30,3 Mo,0.05210526315789474
3102,2009-11-30,30 Yr,4.314736842105264
3109,2009-12-31,10 Yr,3.5900000000000003
3111,2009-12-31,2 Yr,0.8745454545454545
3113,2009-12-31,3 Mo,0.05454545454545454
3115,2009-12-31,30 Yr,4.494090909090909
3122,2010-01-31,10 Yr,3.7331578947368427
3124,2010-01-31,2 Yr,0.9289473684210525
3126,2010-01-31,3 Mo,0.061578947368421046
3128,2010-01-31,30 Yr,4.604736842105263
3135,2010-02-28,10 Yr,3.691052631578947
3137,2010-02-28,2 Yr,0.856842105263158
3139,2010-02-28,3 Mo,0.10894736842105263
3141,2010-02-28,30 Yr,4.619473684210526
3148,2010-03-31,10 Yr,3.7273913043478264
3150,2010-03-31,2 Yr,0.9586956521739131
3152,2010-03-31,3 Mo,0.15043478260869564
3154,2010-03-31,30 Yr,4.644782608695652
3161,2010-04-30,10 Yr,3.8468181818181817
3163,2010-04-30,2 Yr,1.0604545454545455
3165,2010-04-30,3 Mo,0.1622727272727273
3167,2010-04-30,30 Yr,4.693181818181818
3174,2010-05-31,10 Yr,3.4200000000000004
3176,2010-05-31,2 Yr,0.8305
3178,2010-05-31,3 Mo,0.16
3180,2010-05-31,30 Yr,4.286
3187,2010-06-30,10 Yr,3.2040909090909087
3189,2010-06-30,2 Yr,0.7245454545454545
3191,2010-06-30,3 Mo,0.12363636363636364
3193,2010-06-30,30 Yr,4.127727272727273
3200,2010-07-31,10 Yr,3.0114285714285716
3202,2010-07-31,2 Yr,0.6166666666666666
3204,2010-07-31,3 Mo,0.15761904761904763
3206,2010-07-31,30 Yr,3.994285714285714
3213,2010-08-31,10 Yr,2.6986363636363637
3215,2010-08-31,2 Yr,0.5204545454545455
3217,2010-08-31,3 Mo,0.155
3219,2010-08-31,30 Yr,3.803181818181818
3226,2010-09-30,10 Yr,2.6476190476190475
3228,2010-09-30,2 Yr,0.48
3230,2010-09-30,3 Mo,0.1519047619047619
3232,2010-09-30,30 Yr,3.773333333333333
3239,2010-10-31,10 Yr,2.54
3241,2010-10-31,2 Yr,0.376
3243,2010-10-31,3 Mo,0.1345
3245,2010-10-31,30 Yr,3.8725
3252,2010-11-30,10 Yr,2.763
3254,2010-11-30,2 Yr,0.454
3256,2010-11-30,3 Mo,0.143
3258,2010-11-30,30 Yr,4.186
3265,2010-12-31,10 Yr,3.290909090909091
3267,2010-12-31,2 Yr,0.6181818181818182
3269,2010-12-31,3 Mo,0.1409090909090909
3271,2010-12-31,30 Yr,4.417727272727273
3278,2011-01-31,10 Yr,3.3939999999999997
3280,2011-01-31,2 Yr,0.6144999999999999
3282,2011-01-31,3 Mo,0.152
3284,2011-01-31,30 Yr,4.523000000000001
3291,2011-02-28,10 Yr,3.5763157894736843
3293,2011-02-28,2 Yr,0.7726315789473684
3295,2011-02-28,3 Mo,0.13210526315789473
3297,2011-02-28,30 Yr,4.652105263157895
3304,2011-03-31,10 Yr,3.4143478260869564
3306,2011-03-31,2 Yr,0.697391304347826
3308,2011-03-31,3 Mo,0.10043478260869565
3310,2011-03-31,30 Yr,4.513913043478261
3317,2011-04-30,10 Yr,3.4549999999999996
3319,2011-04-30,2 Yr,0.7344999999999999
3321,2011-04-30,3 Mo,0.058499999999999996
3323,2011-04-30,30 Yr,4.5015
3330,2011-05-31,10 Yr,3.168571428571429
3332,2011-05-31,2 Yr,0.5552380952380952
3334,2011-05-31,3 Mo,0.04095238095238095
3336,2011-05-31,30 Yr,4.293333333333333
3343,2011-06-30,10 Yr,3.002272727272727
3345,2011-06-30,2 Yr,0.4104545454545454
3347,2011-06-30,3 Mo,0.03727272727272728
3349,2011-06-30,30 Yr,4.232727272727273
3356,2011-07-31,10 Yr,3.003
3358,2011-07-31,2 Yr,0.40650000000000003
3360,2011-07-31,3 Mo,0.0375
3362,2011-07-31,30 Yr,4.2705
3369,2011-08-31,10 Yr,2.3030434782608693
3371,2011-08-31,2 Yr,0.23043478260869565
3373,2011-08-31,3 Mo,0.024347826086956525
3375,2011-08-31,30 Yr,3.651304347826087
3382,2011-09-30,10 Yr,1.975238095238095
3384,2011-09-30,2 Yr,0.21142857142857144
3386,2011-09-30,3 Mo,0.013809523809523811
3388,2011-09-30,30 Yr,3.182380952380952
3395,2011-10-31,10 Yr,2.152
3397,2011-10-31,2 Yr,0.2805
3399,2011-10-31,3 Mo,0.019
3401,2011-10-31,30 Yr,3.128
3408,2011-11-30,10 Yr,2.0134999999999996
3410,2011-11-30,2 Yr,0.2535
3412,2011-11-30,3 Mo,0.014000000000000002
3414,2011-11-30,30 Yr,3.0155000000000003
3421,2011-12-31,10 Yr,1.9780952380952381
3423,2011-12-31,2 Yr,0.2571428571428572
3425,2011-12-31,3 Mo,0.011428571428571429
3427,2011-12-31,30 Yr,2.9823809523809524
3434,2012-01-31,10 Yr,1.9665
3436,2012-01-31,2 Yr,0.2405
3438,2012-01-31,3 Mo,0.0345
3440,2012-01-31,30 Yr,3.0260000000000002
3447,2012-02-29,10 Yr,1.9675
3449,2012-02-29,2 Yr,0.27799999999999997
3451,2012-02-29,3 Mo,0.092
3453,2012-02-29,30 Yr,3.109
3460,2012-03-31,10 Yr,2.1727272727272724
3462,2012-03-31,2 Yr,0.34454545454545454
3464,2012-03-31,3 Mo,0.08409090909090909
3466,2012-03-31,30 Yr,3.2813636363636363
3473,2012-04-30,10 Yr,2.052857142857143
3475,2012-04-30,2 Yr,0.2919047619047619
3477,2012-04-30,3 Mo,0.0838095238095238
3479,2012-04-30,30 Yr,3.1842857142857146
3486,2012-05-31,10 Yr,1.8031818181818182
3488,2012-05-31,2 Yr,0.28500000000000003
3490,2012-05-31,3 Mo,0.08954545454545454
3492,2012-05-31,30 Yr,2.930909090909091
3499,2012-06-30,10 Yr,1.6223809523809525
3501,2012-06-30,2 Yr,0.2919047619047619
3503,2012-06-30,3 Mo,0.09142857142857143
3505,2012-06-30,30 Yr,2.698095238095238
3512,2012-07-31,10 Yr,1.5266666666666668
3514,2012-07-31,2 Yr,0.2480952380952381
3516,2012-07-31,3 Mo,0.09714285714285714
3518,2012-07-31,30 Yr,2.59
3525,2012-08-31,10 Yr,1.6782608695652175
3527,2012-08-31,2 Yr,0.26869565217391306
3529,2012-08-31,3 Mo,0.10260869565217391
3531,2012-08-31,30 Yr,2.7708695652173914
3538,2012-09-30,10 Yr,1.7231578947368422
3540,2012-09-30,2 Yr,0.25526315789473686
3542,2012-09-30,3 Mo,0.10526315789473684
3544,2012-09-30,30 Yr,2.8815789473684212
3551,2012-10-31,10 Yr,1.7461904761904763
3553,2012-10-31,2 Yr,0.27714285714285714
3555,2012-10-31,3 Mo,0.10476190476190476
3557,2012-10-31,30 Yr,2.9004761904761907
3564,2012-11-30,10 Yr,1.654
3566,2012-11-30,2 Yr,0.268
3568,2012-11-30,3 Mo,0.0935
3570,2012-11-30,30 Yr,2.8035
3577,2012-12-31,10 Yr,1.719
3579,2012-12-31,2 Yr,0.257
3581,2012-12-31,3 Mo,0.06999999999999999
3583,2012-12-31,30 Yr,2.8835
3590,2013-01-31,10 Yr,1.9147619047619049
3592,2013-01-31,2 Yr,0.2652380952380953
3594,2013-01-31,3 Mo,0.07428571428571429
3596,2013-01-31,30 Yr,3.0804761904761904
3603,2013-02-28,10 Yr,1.9842105263157896
3605,2013-02-28,2 Yr,0.2673684210526316
3607,2013-02-28,3 Mo,0.09894736842105263
3609,2013-02-28,30 Yr,3.165263157894737
3616,2013-03-31,10 Yr,1.9575
3618,2013-03-31,2 Yr,0.256
3620,2013-03-31,3 Mo,0.087
3622,2013-03-31,30 Yr,3.1625
3629,2013-04-30,10 Yr,1.7590909090909093
3631,2013-04-30,2 Yr,0.2322727272727273
3633,2013-04-30,3 Mo,0.060000000000000005
3635,2013-04-30,30 Yr,2.9327272727272726
3642,2013-05-31,10 Yr,1.9281818181818182
3644,2013-05-31,2 Yr,0.25045454545454543
3646,2013-05-31,3 Mo,0.04409090909090909
3648,2013-05-31,30 Yr,3.112727272727273
3655,2013-06-30,10 Yr,2.3
3657,2013-06-30,2 Yr,0.3335
3659,2013-06-30,3 Mo,0.0505
3661,2013-06-30,30 Yr,3.4
3668,2013-07-31,10 Yr,2.5822727272727275
3670,2013-07-31,2 Yr,0.3409090909090909
3672,2013-07-31,3 Mo,0.035454545454545454
3674,2013-07-31,30 Yr,3.605
3681,2013-08-31,10 Yr,2.7372727272727273
3683,2013-08-31,2 Yr,0.3563636363636364
3685,2013-08-31,3 Mo,0.04363636363636363
3687,2013-08-31,30 Yr,3.757727272727273
3694,2013-09-30,10 Yr,2.8095
3696,2013-09-30,2 Yr,0.404
3698,2013-09-30,3 Mo,0.016
3700,2013-09-30,30 Yr,3.787
3707,2013-10-31,10 Yr,2.6159090909090907
3709,2013-10-31,2 Yr,0.33545454545454545
3711,2013-10-31,3 Mo,0.04727272727272727
3713,2013-10-31,30 Yr,3.6759090909090912
3720,2013-11-30,10 Yr,2.718421052631579
3722,2013-11-30,2 Yr,0.3036842105263158
3724,2013-11-30,3 Mo,0.06789473684210527
3726,2013-11-30,30 Yr,3.8000000000000003
3733,2013-12-31,10 Yr,2.901904761904762
3735,2013-12-31,2 Yr,0.33999999999999997
3737,2013-12-31,3 Mo,0.06666666666666668
3739,2013-12-31,30 Yr,3.889047619047619
3746,2014-01-31,10 Yr,2.858095238095238
3748,2014-01-31,2 Yr,0.3938095238095238
3750,2014-01-31,3 Mo,0.043333333333333335
3752,2014-01-31,30 Yr,3.7690476190476194
3759,2014-02-28,10 Yr,2.709473684210526
3761,2014-02-28,2 Yr,0.3268421052631579
3763,2014-02-28,3 Mo,0.05263157894736842
3765,2014-02-28,30 Yr,3.6626315789473685
3772,2014-03-31,10 Yr,2.723333333333333
3774,2014-03-31,2 Yr,0.3990476190476191
3776,2014-03-31,3 Mo,0.05238095238095238
3778,2014-03-31,30 Yr,3.620952380952381
3785,2014-04-30,10 Yr,2.705238095238095
3787,2014-04-30,2 Yr,0.41714285714285715
3789,2014-04-30,3 Mo,0.030952380952380953
3791,2014-04-30,30 Yr,3.5176190476190476
3798,2014-05-31,10 Yr,2.559047619047619
3800,2014-05-31,2 Yr,0.38904761904761903
3802,2014-05-31,3 Mo,0.03238095238095238
3804,2014-05-31,30 Yr,3.3899999999999997
3811,2014-06-30,10 Yr,2.5985714285714288
3813,2014-06-30,2 Yr,0.4523809523809524
3815,2014-06-30,3 Mo,0.03571428571428571
3817,2014-06-30,30 Yr,3.4200000000000004
3824,2014-07-31,10 Yr,2.5422727272727275
3826,2014-07-31,2 Yr,0.5063636363636363
3828,2014-07-31,3 Mo,0.026363636363636363
3830,2014-07-31,30 Yr,3.3318181818181816
3837,2014-08-31,10 Yr,2.42
3839,2014-08-31,2 Yr,0.4723809523809524
3841,2014-08-31,3 Mo,0.032857142857142856
3843,2014-08-31,30 Yr,3.2009523809523808
3850,2014-09-30,10 Yr,2.5342857142857143
3852,2014-09-30,2 Yr,0.5666666666666667
3854,2014-09-30,3 Mo,0.02
3856,2014-09-30,30 Yr,3.26
3863,2014-10-31,10 Yr,2.304090909090909
3865,2014-10-31,2 Yr,0.4454545454545455
3867,2014-10-31,3 Mo,0.01681818181818182
3869,2014-10-31,30 Yr,3.0399999999999996
3876,2014-11-30,10 Yr,2.3255555555555554
3878,2014-11-30,2 Yr,0.5272222222222223
3880,2014-11-30,3 Mo,0.021666666666666667
3882,2014-11-30,30 Yr,3.038333333333333
3889,2014-12-31,10 Yr,2.2072727272727275
3891,2014-12-31,2 Yr,0.6354545454545455
3893,2014-12-31,3 Mo,0.02909090909090909
3895,2014-12-31,30 Yr,2.833181818181818
3902,2015-01-31,10 Yr,1.8815000000000002
3904,2015-01-31,2 Yr,0.5515000000000001
3906,2015-01-31,3 Mo,0.027500000000000004
3908,2015-01-31,30 Yr,2.455
3915,2015-02-28,10 Yr,1.9752631578947368
3917,2015-02-28,2 Yr,0.6189473684210526
3919,2015-02-28,3 Mo,0.017894736842105265
3921,2015-02-28,30 Yr,2.566315789473684
3928,2015-03-31,10 Yr,2.0427272727272725
3930,2015-03-31,2 Yr,0.6404545454545455
3932,2015-03-31,3 Mo,0.027727272727272725
3934,2015-03-31,30 Yr,2.6263636363636365
3941,2015-04-30,10 Yr,1.935
3943,2015-04-30,2 Yr,0.54
3945,2015-04-30,3 Mo,0.023181818181818182
3947,2015-04-30,30 Yr,2.585909090909091
3954,2015-05-31,10 Yr,2.1975000000000002
3956,2015-05-31,2 Yr,0.609
3958,2015-05-31,3 Mo,0.0165
3960,2015-05-31,30 Yr,2.955
3967,2015-06-30,10 Yr,2.3636363636363638
3969,2015-06-30,2 Yr,0.6886363636363636
3971,2015-06-30,3 Mo,0.015000000000000001
3973,2015-06-30,30 Yr,3.1118181818181814
3980,2015-07-31,10 Yr,2.3245454545454547
3982,2015-07-31,2 Yr,0.6677272727272727
3984,2015-07-31,3 Mo,0.03227272727272727
3986,2015-07-31,30 Yr,3.066363636363637
3993,2015-08-31,10 Yr,2.1671428571428573
3995,2015-08-31,2 Yr,0.6976190476190476
3997,2015-08-31,3 Mo,0.0719047619047619
3999,2015-08-31,30 Yr,2.855714285714286
4006,2015-09-30,10 Yr,2.172857142857143
4008,2015-09-30,2 Yr,0.7133333333333334
4010,2015-09-30,3 Mo,0.024285714285714285
4012,2015-09-30,30 Yr,2.9528571428571433
4019,2015-10-31,10 Yr,2.07
4021,2015-10-31,2 Yr,0.6447619047619048
4023,2015-10-31,3 Mo,0.01666666666666667
4025,2015-10-31,30 Yr,2.888095238095238
4032,2015-11-30,10 Yr,2.263157894736842
4034,2015-11-30,2 Yr,0.884736842105263
4036,2015-11-30,3 Mo,0.12631578947368421
4038,2015-11-30,30 Yr,3.03
4045,2015-12-31,10 Yr,2.2427272727272727
4047,2015-12-31,2 Yr,0.9827272727272728
4049,2015-12-31,3 Mo,0.22863636363636364
4051,2015-12-31,30 Yr,2.97
4058,2016-01-31,10 Yr,2.0852631578947367
4060,2016-01-31,2 Yr,0.8994736842105263
4062,2016-01-31,3 Mo,0.2573684210526316
4064,2016-01-31,30 Yr,2.858421052631579
4071,2016-02-29,10 Yr,1.7795
4073,2016-02-29,2 Yr,0.7335
4075,2016-02-29,3 Mo,0.3145
4077,2016-02-29,30 Yr,2.623
4084,2016-03-31,10 Yr,1.8890909090909092
4086,2016-03-31,2 Yr,0.875
4088,2016-03-31,3 Mo,0.2972727272727273
4090,2016-03-31,30 Yr,2.6845454545454546
4097,2016-04-30,10 Yr,1.805238095238095
4099,2016-04-30,2 Yr,0.768095238095238
4101,2016-04-30,3 Mo,0.2280952380952381
4103,2016-04-30,30 Yr,2.6233333333333335
4110,2016-05-31,10 Yr,1.8061904761904761
4112,2016-05-31,2 Yr,0.8161904761904762
4114,2016-05-31,3 Mo,0.27666666666666667
4116,2016-05-31,30 Yr,2.6276190476190475
4123,2016-06-30,10 Yr,1.6440909090909093
4125,2016-06-30,2 Yr,0.7313636363636363
4127,2016-06-30,3 Mo,0.2727272727272727
4129,2016-06-30,30 Yr,2.4522727272727276
4136,2016-07-31,10 Yr,1.504
4138,2016-07-31,2 Yr,0.6725
4140,2016-07-31,3 Mo,0.30100000000000005
4142,2016-07-31,30 Yr,2.227
4149,2016-08-31,10 Yr,1.556521739130435
4151,2016-08-31,2 Yr,0.7373913043478261
4153,2016-08-31,3 Mo,0.2995652173913043
4155,2016-08-31,30 Yr,2.261739130434783
4162,2016-09-30,10 Yr,1.6304761904761906
4164,2016-09-30,2 Yr,0.7709523809523811
4166,2016-09-30,3 Mo,0.29428571428571426
4168,2016-09-30,30 Yr,2.3504761904761904
4175,2016-10-31,10 Yr,1.7645
4177,2016-10-31,2 Yr,0.843
4179,2016-10-31,3 Mo,0.3315
4181,2016-10-31,30 Yr,2.5004999999999997
4188,2016-11-30,10 Yr,2.142
4190,2016-11-30,2 Yr,0.9795
4192,2016-11-30,3 Mo,0.4525
4194,2016-11-30,30 Yr,2.862
4201,2016-12-31,10 Yr,2.491904761904762
4203,2016-12-31,2 Yr,1.1966666666666665
4205,2016-12-31,3 Mo,0.5119047619047619
4207,2016-12-31,30 Yr,3.1133333333333333
4214,2017-01-31,10 Yr,2.4325
4216,2017-01-31,2 Yr,1.2065
4218,2017-01-31,3 Mo,0.519
4220,2017-01-31,30 Yr,3.019
4227,2017-02-28,10 Yr,2.4189473684210525
4229,2017-02-28,2 Yr,1.2010526315789474
4231,2017-02-28,3 Mo,0.5263157894736842
4233,2017-02-28,30 Yr,3.0321052631578946
4240,2017-03-31,10 Yr,2.4817391304347827
4242,2017-03-31,2 Yr,1.3130434782608695
4244,2017-03-31,3 Mo,0.7478260869565218
4246,2017-03-31,30 Yr,3.0813043478260873
4253,2017-04-30,10 Yr,2.2973684210526315
4255,2017-04-30,2 Yr,1.2410526315789472
4257,2017-04-30,3 Mo,0.8084210526315789
4259,2017-04-30,30 Yr,2.9415789473684213
4266,2017-05-31,10 Yr,2.3036363636363637
4268,2017-05-31,2 Yr,1.3018181818181818
4270,2017-05-31,3 Mo,0.9031818181818182
4272,2017-05-31,30 Yr,2.959090909090909
4279,2017-06-30,10 Yr,2.186818181818182
4281,2017-06-30,2 Yr,1.3422727272727273
4283,2017-06-30,3 Mo,0.9990909090909091
4285,2017-06-30,30 Yr,2.7963636363636364
4292,2017-07-31,10 Yr,2.318
4294,2017-07-31,2 Yr,1.3725
4296,2017-07-31,3 Mo,1.0865
4298,2017-07-31,30 Yr,2.884
4305,2017-08-31,10 Yr,2.2091304347826086
4307,2017-08-31,2 Yr,1.335217391304348
4309,2017-08-31,3 Mo,1.0321739130434784
4311,2017-08-31,30 Yr,2.7952173913043477
4318,2017-09-30,10 Yr,2.202
4320,2017-09-30,2 Yr,1.3845
4322,2017-09-30,3 Mo,1.0465
4324,2017-09-30,30 Yr,2.7765
4331,2017-10-31,10 Yr,2.3600000000000003
4333,2017-10-31,2 Yr,1.5495238095238095
4335,2017-10-31,3 Mo,1.0933333333333333
4337,2017-10-31,30 Yr,2.878095238095238
4344,2017-11-30,10 Yr,2.3533333333333335
4346,2017-11-30,2 Yr,1.6966666666666668
4348,2017-11-30,3 Mo,1.2504761904761905
4350,2017-11-30,30 Yr,2.801904761904762
4357,2017-12-31,10 Yr,2.4025
4359,2017-12-31,2 Yr,1.844
4361,2017-12-31,3 Mo,1.3415000000000001
4363,2017-12-31,30 Yr,2.768
4370,2018-01-31,10 Yr,2.583809523809524
4372,2018-01-31,2 Yr,2.031904761904762
4374,2018-01-31,3 Mo,1.4323809523809523
4376,2018-01-31,30 Yr,2.8776190476190475
4383,2018-02-28,10 Yr,2.8589473684210525
4385,2018-02-28,2 Yr,2.1752631578947366
4387,2018-02-28,3 Mo,1.5878947368421052
4389,2018-02-28,30 Yr,3.1310526315789473
4396,2018-03-31,10 Yr,2.8423809523809522
4398,2018-03-31,2 Yr,2.275714285714286
4400,2018-03-31,3 Mo,1.7266666666666666
4402,2018-03-31,30 Yr,3.0914285714285716
4409,2018-04-30,10 Yr,2.869047619047619
4411,2018-04-30,2 Yr,2.3842857142857143
4413,2018-04-30,3 Mo,1.788095238095238
4415,2018-04-30,30 Yr,3.0719047619047624
4422,2018-05-31,10 Yr,2.977727272727273
4424,2018-05-31,2 Yr,2.5118181818181817
4426,2018-05-31,3 Mo,1.8995454545454544
4428,2018-05-31,30 Yr,3.1318181818181823
4435,2018-06-30,10 Yr,2.9123809523809525
4437,2018-06-30,2 Yr,2.5333333333333337
4439,2018-06-30,3 Mo,1.9352380952380952
4441,2018-06-30,30 Yr,3.05
4448,2018-07-31,10 Yr,2.889047619047619
4450,2018-07-31,2 Yr,2.606666666666667
4452,2018-07-31,3 Mo,1.9947619047619047
4454,2018-07-31,30 Yr,3.006666666666667
4461,2018-08-31,10 Yr,2.889130434782609
4463,2018-08-31,2 Yr,2.6356521739130434
4465,2018-08-31,3 Mo,2.072608695652174
4467,2018-08-31,30 Yr,3.0417391304347823
4474,2018-09-30,10 Yr,3.004210526315789
4476,2018-09-30,2 Yr,2.7678947368421056
4478,2018-09-30,3 Mo,2.165263157894737
4480,2018-09-30,30 Yr,3.1510526315789473
4487,2018-10-31,10 Yr,3.152272727272727
4489,2018-10-31,2 Yr,2.860909090909091
4491,2018-10-31,3 Mo,2.2931818181818184
4493,2018-10-31,30 Yr,3.3395454545454544
4500,2018-11-30,10 Yr,3.117
4502,2018-11-30,2 Yr,2.859
4504,2018-11-30,3 Mo,2.374
4506,2018-11-30,30 Yr,3.3609999999999998
4513,2018-12-31,10 Yr,2.8326315789473684
4515,2018-12-31,2 Yr,2.6763157894736844
4517,2018-12-31,3 Mo,2.4121052631578945
4519,2018-12-31,30 Yr,3.0957894736842104
4526,2019-01-31,10 Yr,2.713809523809524
4528,2019-01-31,2 Yr,2.543333333333333
4530,2019-01-31,3 Mo,2.4238095238095236
4532,2019-01-31,30 Yr,3.0352380952380953
4539,2019-02-28,10 Yr,2.6763157894736844
4541,2019-02-28,2 Yr,2.504210526315789
4543,2019-02-28,3 Mo,2.437894736842105
4545,2019-02-28,30 Yr,3.0236842105263158
4552,2019-03-31,10 Yr,2.570952380952381
4554,2019-03-31,2 Yr,2.4095238095238094
4556,2019-03-31,3 Mo,2.453809523809524
4558,2019-03-31,30 Yr,2.9776190476190476
4565,2019-04-30,10 Yr,2.532380952380952
4567,2019-04-30,2 Yr,2.344761904761905
4569,2019-04-30,3 Mo,2.432857142857143
4571,2019-04-30,30 Yr,2.9404761904761907
4578,2019-05-31,10 Yr,2.395
4580,2019-05-31,2 Yr,2.2063636363636365
4582,2019-05-31,3 Mo,2.4031818181818183
4584,2019-05-31,30 Yr,2.817727272727273
4591,2019-06-30,10 Yr,2.074
4593,2019-06-30,2 Yr,1.814
4595,2019-06-30,3 Mo,2.2195
4597,2019-06-30,30 Yr,2.5745
4604,2019-07-31,10 Yr,2.059090909090909
4606,2019-07-31,2 Yr,1.8350000000000002
4608,2019-07-31,3 Mo,2.145
4610,2019-07-31,30 Yr,2.5727272727272728
4617,2019-08-31,10 Yr,1.6263636363636365
4619,2019-08-31,2 Yr,1.5713636363636363
4621,2019-08-31,3 Mo,1.9904545454545455
4623,2019-08-31,30 Yr,2.119090909090909
4630,2019-09-30,10 Yr,1.6995
4632,2019-09-30,2 Yr,1.6480000000000001
4634,2019-09-30,3 Mo,1.9344999999999999
4636,2019-09-30,30 Yr,2.1580000000000004
4643,2019-10-31,10 Yr,1.7068181818181818
4645,2019-10-31,2 Yr,1.5513636363636365
4647,2019-10-31,3 Mo,1.6786363636363637
4649,2019-10-31,30 Yr,2.1904545454545454
4656,2019-11-30,10 Yr,1.8121052631578947
4658,2019-11-30,2 Yr,1.6126315789473684
4660,2019-11-30,3 Mo,1.572105263157895
4662,2019-11-30,30 Yr,2.2805263157894737
4669,2019-12-31,10 Yr,1.8628571428571428
4671,2019-12-31,2 Yr,1.6133333333333335
4673,2019-12-31,3 Mo,1.5652380952380955
4675,2019-12-31,30 Yr,2.2976190476190474
4682,2020-01-31,10 Yr,1.7576190476190479
4684,2020-01-31,2 Yr,1.5190476190476192
4686,2020-01-31,3 Mo,1.5523809523809524
4688,2020-01-31,30 Yr,2.216190476190476
4695,2020-02-29,10 Yr,1.5042105263157897
4697,2020-02-29,2 Yr,1.3310526315789473
4699,2020-02-29,3 Mo,1.5447368421052632
4701,2020-02-29,30 Yr,1.9705263157894735
4708,2020-03-31,10 Yr,0.87
4710,2020-03-31,2 Yr,0.4481818181818182
4712,2020-03-31,3 Mo,0.29545454545454547
4714,2020-03-31,30 Yr,1.4549999999999998
4721,2020-04-30,10 Yr,0.6576190476190477
4723,2020-04-30,2 Yr,0.22476190476190475
4725,2020-04-30,3 Mo,0.1380952380952381
4727,2020-04-30,30 Yr,1.2652380952380953
4734,2020-05-31,10 Yr,0.674
4736,2020-05-31,2 Yr,0.1705
4738,2020-05-31,3 Mo,0.1275
4740,2020-05-31,30 Yr,1.378
4747,2020-06-30,10 Yr,0.7286363636363636
4749,2020-06-30,2 Yr,0.18500000000000003
4751,2020-06-30,3 Mo,0.15954545454545455
4753,2020-06-30,30 Yr,1.4936363636363637
4760,2020-07-31,10 Yr,0.6236363636363637
4762,2020-07-31,2 Yr,0.1481818181818182
4764,2020-07-31,3 Mo,0.12681818181818183
4766,2020-07-31,30 Yr,1.3104545454545453
4773,2020-08-31,10 Yr,0.65
4775,2020-08-31,2 Yr,0.13952380952380952
4777,2020-08-31,3 Mo,0.10428571428571429
4779,2020-08-31,30 Yr,1.358095238095238
4786,2020-09-30,10 Yr,0.6795238095238095
4788,2020-09-30,2 Yr,0.13476190476190478
4790,2020-09-30,3 Mo,0.10857142857142857
4792,2020-09-30,30 Yr,1.4228571428571428
4799,2020-10-31,10 Yr,0.7871428571428571
4801,2020-10-31,2 Yr,0.14952380952380953
4803,2020-10-31,3 Mo,0.10047619047619047
4805,2020-10-31,30 Yr,1.5685714285714285
4812,2020-11-30,10 Yr,0.8700000000000001
4814,2020-11-30,2 Yr,0.16578947368421051
4816,2020-11-30,3 Mo,0.09105263157894737
4818,2020-11-30,30 Yr,1.615263157894737
4825,2020-12-31,10 Yr,0.9336363636363636
4827,2020-12-31,2 Yr,0.13590909090909092
4829,2020-12-31,3 Mo,0.08727272727272727
4831,2020-12-31,30 Yr,1.6704545454545454
4838,2021-01-31,10 Yr,1.0810526315789473
4840,2021-01-31,2 Yr,0.1310526315789474
4842,2021-01-31,3 Mo,0.08368421052631579
4844,2021-01-31,30 Yr,1.8247368421052632
4851,2021-02-28,10 Yr,1.2578947368421052
4853,2021-02-28,2 Yr,0.11526315789473685
4855,2021-02-28,3 Mo,0.04263157894736842
4857,2021-02-28,30 Yr,2.0426315789473684
4864,2021-03-31,10 Yr,1.6108695652173912
4866,2021-03-31,2 Yr,0.14695652173913046
4868,2021-03-31,3 Mo,0.03130434782608695
4870,2021-03-31,30 Yr,2.3391304347826085
4877,2021-04-30,10 Yr,1.635
4879,2021-04-30,2 Yr,0.16318181818181818
4881,2021-04-30,3 Mo,0.02090909090909091
4883,2021-04-30,30 Yr,2.2995454545454543
4890,2021-05-31,10 Yr,1.621
4892,2021-05-31,2 Yr,0.155
4894,2021-05-31,3 Mo,0.018
4896,2021-05-31,30 Yr,2.316
4903,2021-06-30,10 Yr,1.5190909090909093
4905,2021-06-30,2 Yr,0.20272727272727273
4907,2021-06-30,3 Mo,0.03590909090909091
4909,2021-06-30,30 Yr,2.1636363636363636
4916,2021-07-31,10 Yr,1.3185714285714287
4918,2021-07-31,2 Yr,0.21952380952380954
4920,2021-07-31,3 Mo,0.05238095238095238
4922,2021-07-31,30 Yr,1.9428571428571426
4929,2021-08-31,10 Yr,1.2831818181818182
4931,2021-08-31,2 Yr,0.21727272727272728
4933,2021-08-31,3 Mo,0.05454545454545454
4935,2021-08-31,30 Yr,1.9163636363636363
4942,2021-09-30,10 Yr,1.3747619047619049
4944,2021-09-30,2 Yr,0.24095238095238097
4946,2021-09-30,3 Mo,0.0419047619047619
4948,2021-09-30,30 Yr,1.9357142857142857
4955,2021-10-31,10 Yr,1.5825
4957,2021-10-31,2 Yr,0.39249999999999996
4959,2021-10-31,3 Mo,0.052000000000000005
4961,2021-10-31,30 Yr,2.0595
4968,2021-11-30,10 Yr,1.5595
4970,2021-11-30,2 Yr,0.508
4972,2021-11-30,3 Mo,0.051500000000000004
4974,2021-11-30,30 Yr,1.9355
4981,2021-12-31,10 Yr,1.4649999999999999
4983,2021-12-31,2 Yr,0.68
4985,2021-12-31,3 Mo,0.05863636363636364
4987,2021-12-31,30 Yr,1.8477272727272727
4994,2022-01-31,10 Yr,1.764
4996,2022-01-31,2 Yr,0.9804999999999999
4998,2022-01-31,3 Mo,0.14550000000000002
5000,2022-01-31,30 Yr,2.0995
5007,2022-02-28,10 Yr,1.9342105263157894
5009,2022-02-28,2 Yr,1.4352631578947368
5011,2022-02-28,3 Mo,0.3147368421052632
5013,2022-02-28,30 Yr,2.2463157894736843
5020,2022-03-31,10 Yr,2.1278260869565218
5022,2022-03-31,2 Yr,1.9095652173913045
5024,2022-03-31,3 Mo,0.44739130434782615
5026,2022-03-31,30 Yr,2.4065217391304348
5033,2022-04-30,10 Yr,2.7475
5035,2022-04-30,2 Yr,2.538
5037,2022-04-30,3 Mo,0.7635
5039,2022-04-30,30 Yr,2.8120000000000003
5046,2022-05-31,10 Yr,2.8980952380952383
5048,2022-05-31,2 Yr,2.6166666666666667
5050,2022-05-31,3 Mo,0.9928571428571429
5052,2022-05-31,30 Yr,3.0657142857142854
5059,2022-06-30,10 Yr,3.1433333333333335
5061,2022-06-30,2 Yr,2.998095238095238
5063,2022-06-30,3 Mo,1.5385714285714287
5065,2022-06-30,30 Yr,3.2457142857142856
5072,2022-07-31,10 Yr,2.896
5074,2022-07-31,2 Yr,3.036
5076,2022-07-31,3 Mo,2.298
5078,2022-07-31,30 Yr,3.1025
5085,2022-08-31,10 Yr,2.8978260869565218
5087,2022-08-31,2 Yr,3.25
5089,2022-08-31,3 Mo,2.721739130434783
5091,2022-08-31,30 Yr,3.1295652173913044
5098,2022-09-30,10 Yr,3.5190476190476194
5100,2022-09-30,2 Yr,3.8566666666666665
5102,2022-09-30,3 Mo,3.221904761904762
5104,2022-09-30,30 Yr,3.558095238095238
5111,2022-10-31,10 Yr,3.9835000000000003
5113,2022-10-31,2 Yr,4.375
5115,2022-10-31,3 Mo,3.8725
5117,2022-10-31,30 Yr,4.04
5124,2022-11-30,10 Yr,3.8909999999999996
5126,2022-11-30,2 Yr,4.5035
5128,2022-11-30,3 Mo,4.323
5130,2022-11-30,30 Yr,3.999
5137,2022-12-31,10 Yr,3.616190476190476
5139,2022-12-31,2 Yr,4.288571428571428
5141,2022-12-31,3 Mo,4.358095238095238
5143,2022-12-31,30 Yr,3.659047619047619
5150,2023-01-31,10 Yr,3.5315
5152,2023-01-31,2 Yr,4.2075000000000005
5154,2023-01-31,3 Mo,4.6875
5156,2023-01-31,30 Yr,3.6645000000000003
5163,2023-02-28,10 Yr,3.7468421052631578
5165,2023-02-28,2 Yr,4.5336842105263155
5167,2023-02-28,3 Mo,4.787894736842105
5169,2023-02-28,30 Yr,3.8021052631578947
5176,2023-03-31,10 Yr,3.6630434782608696
5178,2023-03-31,2 Yr,4.302608695652173
5180,2023-03-31,3 Mo,4.858695652173913
5182,2023-03-31,30 Yr,3.7708695652173914
5189,2023-04-30,10 Yr,3.399
5191,2023-04-30,2 Yr,3.9410000000000003
5193,2023-04-30,3 Mo,4.988
5195,2023-04-30,30 Yr,3.626
